2023-10-24 14:27:37,74a8d9ac7433c49a01beb18f2c804be9499de2cf.jpg
2023-10-17 12:21:09,4b6ef9c99f241e2b1afafaf89b3cf1d1d07fdbfa.jpg
2023-10-13 10:02:51,85b02cdd864897d9dd2f7e07ddee455594c6359a.jpg
2023-10-09 20:00:05,7907849d4c6a97e62e745d7c760c39197ac89c5b.jpg
2023-10-03 15:15:01,466bae564452e8eb0486b7b95226a7c19f25b3b2.jpg
2023-09-29 14:00:01,281cba5a8c64bfd67485dbff53429162701295e0.jpg
2023-09-26 12:15:02,9fc76fe91f309a3e6017142ef12e7f540cd0a1f8.jpg
2023-09-22 17:45:02,687a956bfb272d4db01858779fe15b8da0c447b7.jpg
2023-09-20 10:45:01,133f3addfe4c1f1e73eae06b9cdf9587e2857eb7.jpg
2023-09-16 10:30:01,adeca5ec3ddc5f909dfbb4521c4cb35935839c60.jpg
2023-09-09 20:37:41,1f54a4dfd0c91883ab80e2c92f132a017b0bd431.jpg
2023-09-06 13:13:08,481c6bfdc0f36917da455fd34b90b7d111e66638.jpg
2023-09-01 19:31:25,adeca5ec3ddc5f909dfbb4521c4cb35935839c60.jpg
2023-08-27 17:44:42,85b02cdd864897d9dd2f7e07ddee455594c6359a.jpg
2023-08-25 10:51:07,dd93ac52509cebada28ba8fd704d334d57441a90.jpg
2023-08-23 22:00:47,b7071fe30e7f17eeb6467d5c8c80c6f2c56f8534.jpg
2023-08-21 20:03:29,f2c039dc7591dd7d9703692ace1eab19ddfb2abc.jpg
2023-08-18 21:28:26,830f3a56e2cc98584b1c9ba41dd1b0797018b7ea.jpg
2023-08-17 21:42:23,174cd5ffc4d94abc82d105f459b7b46caf61428f.jpg
2023-08-15 21:14:04,93e3bf0b885889ec2b39283db4007fa5e7a5fde8.jpg
2023-08-09 11:50:05,63208b7d15baf7d95c89fa67a1e9ce86dfef2493.jpg
2023-08-05 08:10:02,9bef5534edf642d4de8a3d827ccb8e0c55629d2e.jpg
2023-08-04 13:20:02,58c241692cd7afd18116f49b97bc2a32e39dc7ab.jpg
2023-08-02 12:30:04,d75c61efaa04e0dbad6dc1890bfac5ec21108f2e.jpg
2023-08-02 12:20:02,4b6e7463e2de7509064fe9e3ceb58571dc0f8f47.jpg
2023-07-30 10:30:02,687a956bfb272d4db01858779fe15b8da0c447b7.jpg
2023-07-28 08:00:04,784d1c5ec5bb6e7c9ae140279991c68a25f49626.jpg
2023-07-25 10:10:03,237c27e88e6a5c0fd80b7b43370d08f8558b9bef.jpg
2023-07-22 10:20:02,28d532aea17e9e999d54f74886a294aa64ef409e.jpg
2023-07-20 14:40:03,20525526b1fba70d5386f30c463d82c36f7b4a7e.jpg
2023-07-20 14:20:02,ec73f841c0d2c3c713a477abfd00c1303ff519a3.jpg
2023-07-17 13:00:02,b0b203dfc156ae49c11d9c816ae54f6f4c139115.jpg
2023-07-17 12:50:01,9fd8f3a9f6ec8c50a899b6cd93d2389015f26299.jpg
2023-07-16 10:10:04,9094c292b6be0a456dfb82b7dcf84bf69d3edbdf.jpg
2023-07-14 14:50:02,9c8a666433ce7aad9521aa6ba2582e3902032a88.jpg
2023-07-11 16:50:02,90e57e33c03fe7230b313a84d5e4e9c99c16b08e.jpg
2023-07-09 18:50:02,4ced179446a88135830207ef8b60e4638ab8bfca.jpg
2023-07-07 07:20:02,e2f8e270f0be13d545d44e20d74b2dcd49699eed.jpg
2023-07-04 13:40:04,51e02e5f0d81b379b76e26ed3674ca6d29f4187e.jpg
2023-07-03 09:40:03,7fdfd1f007d0526af25d2b7aedef64f35d72757c.jpg
2023-07-01 15:50:05,953e791fb7f8ab11d25f7ae1b7b7a9b818f12200.jpg
2023-06-28 09:50:04,7d79d1e27b0e4eedf23fec1676b222b40e9d67a3.jpg
2023-06-26 18:00:03,9c8a666433ce7aad9521aa6ba2582e3902032a88.jpg
2023-06-22 21:40:03,c99d6e20b2a12624d4c169581eab7a4ac617c6f0.jpg
2023-06-22 21:00:03,fd90b757a18e82fd3ed652e302d87f5679cb061f.jpg
2023-06-21 22:00:03,9801b52bfc8a8ae7a8c630cfa0629b5af098b81f.jpg
2023-06-19 10:50:03,17b940e5f0011ad53ced591c79d6790a8c3ced53.jpg
2023-06-18 16:10:02,95d878aa90154a687030fad35f1cbff209aea671.jpg
2023-06-16 14:40:02,c209fd01ad71144764be9206bf4f43694b478df2.jpg
2023-06-16 11:10:03,f7c699710df6af96bb035ea83c3a25b324e9f072.jpg
2023-06-15 14:40:04,c05a533f0ecca916d545896d83e42f918849071a.jpg
2023-06-12 10:20:04,e28255740a403c2638c20575924dc29249ac7926.jpg
2023-06-09 14:20:04,6354bfaaa105083ed14525f86f8c7f9a2a8d1e53.jpg
2023-06-07 09:20:03,951e4912907a104403028bd857b5b4bd306b3169.jpg
2023-06-01 10:00:03,b74e5951a0fcdb19a7fde7cd1865e18fba277c17.jpg
2023-05-29 21:30:02,a817fe7541292205a6d45c39d67bb73c19aff997.jpg
2023-05-29 15:10:02,7d7ddd0ab9af6b20b6fe3d78fc1c96e5fa994eea.jpg
2023-05-26 18:00:02,0e444911b57214170d5234efcb177c932ef7340c.jpg
2023-05-25 13:00:02,6e78f7b47d85446f8481625d29733b8c55182348.jpg
2023-05-23 13:30:04,f25ee1082084b2932cfbdcd70fae6e1ff41eba66.jpg
2023-05-21 02:50:02,9269c15307e37c30bf6088512b46236d08e9225f.jpg
2023-05-19 12:00:03,9639ffc860ddabb080174687931eff0c0db00a58.jpg
2023-05-17 21:50:02,5fbf42d6b00a45ab85d380aa433d72594a99fe15.jpg
2023-05-16 14:20:03,c944937a462f79291c8fbc2d363c7a66e8bee699.jpg
2023-05-14 15:30:04,efeb1f176a02532fa13e9dc6b425168ec2f379a3.jpg
2023-05-13 10:50:01,9adb81bedccd2d8e615345c88f75ce2561f82a0b.jpg
2023-05-10 16:40:03,88c1b74fabed99058cee2033f0300bc26002ff79.jpg
2023-05-09 11:10:02,6ec89d818a5d3d64171c6995a081af9cf43a2573.jpg
2023-05-07 12:20:01,fb3649cbab0d6f04a65aaea8abbe31cf7b8839cd.jpg
2023-05-04 14:30:02,1ceb4dc742c16a70b8a4815abd4338b54acd2877.jpg
2023-05-02 20:20:03,ba7b36762d82de9a348883a33f5de520d0cf9ab5.jpg
2023-04-30 15:40:02,ddf3c7dc50a4faf5a6824817726a6bf49d93f39c.jpg
2023-04-26 14:00:04,ff02e4103ad096665ce191cb504eadd32880037e.jpg
2023-04-23 18:00:01,8025da604c7177efb939b247edbf1b2df02bc512.jpg
2023-04-21 12:00:03,14ca5386540944d55b388e0c4d784e0b8238f333.jpg
2023-04-19 11:30:03,b8045b3e87e0e6242a1387a1b9fbf8f1acec479d.jpg
2023-04-17 14:50:03,ac72b97bbd362a04baa5357561dc7bf9fbf50a20.jpg
2023-04-17 11:10:01,4f15e13af12f53f6552dcea1701556c9540d9927.jpg
2023-04-15 18:30:04,9b90bc3330f7067dd77c16c5d5ef5b01b2a2941a.jpg
2023-04-13 10:10:03,abaf7fa5735dcafd0944a4e2bb6dc03e55255dde.jpg
2023-04-10 11:40:02,b51c059f037601483c9d5da059fd5d643a2d92eb.jpg
2023-04-08 19:40:02,eb8b5d1e96d4a19edfbc762fcb5650f14e13a2be.jpg
2023-04-07 21:30:03,00ece5f97e47932a71f8a62205490e578cd92eb1.jpg
2023-04-05 22:40:01,bf884270b7123c71d395bbcfe2013a2ed6583898.jpg
2023-04-02 11:40:01,37cd6b4986d994d290c9039606d2fbeb2ffc9b99.jpg
2023-03-30 16:50:04,16df794573be4063543a8934c9ed5807a3fd5f6b.jpg
2023-03-29 17:30:06,8ea3cbf2a4cf8eb89b6143ce25cdcb121f158592.jpg
2023-03-27 13:00:08,cc43247fd912a53ea585a7eda6d7286d49fc30d7.jpg
2023-03-25 18:10:04,731aa0750c1492cc23f97a63a9cb1c607540f6d2.jpg
2023-03-23 13:10:03,0566ae91ef09a8871211e3d24b56e8a69db58c85.jpg
2023-03-20 07:30:02,c76e38f8a8eed926cb9b3cefbae616e9031fae5d.jpg
2023-03-18 15:50:04,d6d96dcd42782cca43c50837f1c182f1d49043ff.jpg
2023-03-14 20:00:03,ba7b36762d82de9a348883a33f5de520d0cf9ab5.jpg
2023-03-13 14:00:03,2151e02892713bfdc1d7ab603445dc2ca2898973.jpg
2023-03-13 11:20:08,66b7e5e9bbcdde9af1b90f19d9dc4cf5b2acfc99.jpg
2023-03-11 20:40:04,ae77f7dc9f1c9ecebc818cd318a934b7d568093f.jpg
2023-03-10 12:10:04,8a8edbe9739552365deff5e100e913c432b68e9b.jpg
2023-03-08 22:20:02,77e60461c4f47bc7c0d0864e0bdf5a9dcebfa3d1.jpg
2023-03-06 13:10:03,88e8432c6af43035e5794c162f1fc6df321c08cd.jpg
2023-03-05 11:40:03,1c277396cc845a853ef18d1dc8e5683e93c32e3b.jpg
2023-03-04 21:10:02,0a64655c64c10d20c1d3edec707dd197d7a6b3ba.jpg
2023-03-03 15:20:04,84c3a47016623d732df54f10b8ad8cf4a2f85042.jpg
2023-03-03 12:20:07,e086e38b7bfc1fd9d840d85c73d8c8c7a70b0971.jpg
2023-03-01 07:20:02,f800a725f0071aa43c88a051d9ca04b0bf206df2.jpg
2023-02-28 11:50:09,0941ad4d2dc0de22338e705aa5af633e05cbcb78.jpg
2023-02-25 10:30:02,bfdcb713310d8780ba8b738872bdae86eddef2ee.jpg
2023-02-25 09:30:03,dd6659ba832d7f767cb372a2edc79b8a693bc03b.jpg
2023-02-22 14:10:03,ae77f7dc9f1c9ecebc818cd318a934b7d568093f.jpg
2023-02-18 19:40:01,e0dc2be0ae5d7701096d1779fbfdb73d60ea7d5d.jpg
2023-02-14 20:30:02,49780d75ac77cf6ee04a7887a7842d39cb2a2225.jpg
2023-02-11 17:00:03,6f1ccdaf239becf1b455d9654463bf6c470307df.jpg
2023-02-10 15:10:02,5f240c326cabb7d3a3cd7851801d75e55d8e4892.jpg
2023-02-10 09:40:01,1764674ef9e1e8749477923bf3824e089bf98b7a.jpg
2023-02-08 13:20:03,3438f4737eefe77c8c8da7c7c15be18728bcf62f.jpg
2023-02-05 22:50:02,c70c70ebdeb2b1e516088366aeed18d653662b12.jpg
2023-02-02 11:40:04,e002997f60b418006c7a278647867b1f8bbb1902.jpg
2023-02-01 14:00:09,f0b6807d1962a1605ae2c5b1fc0876b560d2e1a9.jpg
2023-01-30 17:10:04,a652aa9fa75e3e62a51e14a5e3b4bf82c7a2efe4.jpg
2023-01-29 08:20:05,b2987982be80f4b8fbde9fddac1c911f48426fb5.jpg
2023-01-21 20:50:01,814ea25831db617028cd1d2354e16798e0ba171b.jpg
2023-01-20 09:40:05,4bcafaec8c87047e3b2d5a85aee12112f1229775.jpg
2023-01-19 10:30:02,cd4e3dc8f4c8e2796fd6cb4986bdc7101bba2eaa.jpg
2023-01-16 21:00:01,7d7ddd0ab9af6b20b6fe3d78fc1c96e5fa994eea.jpg
2023-01-16 16:50:03,1d32719ff1436d294dbcc18db8ebfff3ff5d9944.jpg
2023-01-13 22:50:02,537bd81fef1934e72a23ee81e85ed5036d40ccaa.jpg
2023-01-12 16:50:04,697d01bd37c79526eaf68e76cd79ca426b03aa34.jpg
2023-01-09 13:30:03,006df59c02820a6ad1bfe30c5b8e0a87a24fb296.jpg
2023-01-05 09:20:03,6e243c075d33b356f6207517c9e1968d704024e3.jpg
2023-01-01 20:00:01,127e8f5ce78a727294c4cda6d9727e4a650db23d.jpg
2022-12-29 20:50:01,178c9d52aedbfd1062ae72b46b0b467beded8b63.jpg
2022-12-29 14:30:03,3740d1bc89db3b18ed8c481ee7a9af0d0484866f.jpg
2022-12-24 11:20:02,31975072de5233378cb34db4b1e15e98c8fa38f4.jpg
2022-12-21 16:30:03,a115ab42d23f522917e3caacaf70064939f55f6a.jpg
2022-12-20 15:00:03,2bbe0df4ae8874295c32fc661387c1ffeb79bc1d.jpg
2022-12-18 21:30:03,ce96a49a2804dca5dc9c860058e9e327af2e37eb.jpg
2022-12-17 21:00:02,7f3b91dc1b844bc4c40a6b289739c4be2f3ffccd.jpg
2022-12-15 08:10:03,ce96a49a2804dca5dc9c860058e9e327af2e37eb.jpg
2022-12-14 08:30:01,ecceaadbcacbd342775ccac7cd95cb2c1effdc49.jpg
2022-12-13 10:00:03,ae532a33c0a7e4f6d7f9543bffa0d25008b818ca.jpg
2022-12-10 23:00:03,65531f983d22df74dbe43c99c94489b7156cd49b.jpg
2022-12-09 07:20:02,77e20a10573b72db5f64c1d479aa058168739cf2.jpg
2022-12-08 17:30:02,4f57a570edf91526ffdeb843adc3ab4df534c0ef.jpg
2022-12-07 10:00:02,64088d8050785d17c8f700eb9d313aeea2cb07c2.jpg
2022-11-30 17:40:02,edae6deb8c8ad0194288da221bc6f84c73fa09ff.jpg
2022-11-29 11:10:02,84c3a47016623d732df54f10b8ad8cf4a2f85042.jpg
2022-11-29 10:50:02,09ff4c8a8f505a3e3bedad1eed1d94bd5ea8d8ad.jpg
2022-11-26 00:10:02,6bd3273ae734417bf164803ed9b8df4603cccad3.jpg
2022-11-25 20:00:03,63b559f29b520641cc1eb7f3ec197b77ed7ec63d.jpg
2022-11-24 15:00:02,d31c7ebd0c26f83f49b47a3a4922c218818c7c76.jpg
2022-11-19 21:40:03,7a073bcb1eefdb76f4b04f466c9a0075848123a7.jpg
2022-11-19 17:20:03,dd4cac85770d0ce8c4983bb618c1fb554a92e5ef.jpg
2022-11-18 07:00:03,6473cea8c642c2dd2490d6550391857d4c26b83b.jpg
2022-11-16 11:00:03,329fa0aa4fd8341f79f480a5f73f7b5d2a3a6720.jpg
2022-11-14 17:20:04,d027b016a57651da8d6dc5a9773c70bc15bcff14.jpg
2022-11-13 11:00:02,a1acc857952e09168156423d91b9392160c4e637.jpg
2022-11-11 20:10:03,576f12bb7bdef706bd225f08b9fb9c1b79279d57.jpg
2022-11-10 17:00:03,da16c7720294407f2197743fde135c8aeb1a9bdc.jpg
2022-11-09 09:00:01,08136f47c0d1b9bf2ffcd17bddaef4b32a0122c6.jpg
2022-11-08 19:40:03,d81f36fb2046d60a25ff02c5f2113f508f70d941.jpg
2022-11-07 15:40:04,e2d167f757b2c3147324ee5b667c5b85744bc7a0.jpg
2022-11-06 17:20:03,576f12bb7bdef706bd225f08b9fb9c1b79279d57.jpg
2022-11-05 05:30:03,20a5a305807841c292e0dd727e61e300abf1c16f.jpg
2022-11-04 20:10:03,5b57d04cf3d14f41101fee356a83b2704c3977b1.jpg
2022-11-03 10:20:04,302f9694b76a80bae2c0df814b80fb2e935fb289.jpg
2022-11-02 10:40:04,178c9d52aedbfd1062ae72b46b0b467beded8b63.jpg
2022-11-01 13:50:03,45c7bceb2ef6f88a58d46a1a56a707a728d9b20e.jpg
2022-10-30 18:20:02,d015d561bf1fddae49e5b92cfc51659f923f533a.jpg
2022-10-29 17:10:03,98ada2fbe59bf00934675311bb27e80b6da8447c.jpg
2022-10-28 09:20:04,6eaf3dea82d09811af805ba56fc943c42cdec67c.jpg
2022-10-26 12:30:03,5fc6c87af3c40e24e55f381ca75ac67161e352f9.jpg
2022-10-24 19:10:02,6bd3273ae734417bf164803ed9b8df4603cccad3.jpg
2022-10-22 15:20:02,76c017d97093f3a611c328068b493e776307b1f0.jpg
2022-10-21 11:00:03,8ffa32385487602ed95f835dc58e560048002a47.jpg
2022-10-19 14:40:01,ba7a50f18fcb421c0e447a4749de4c6da6266cd5.jpg
2022-10-12 20:50:03,bd779d13855354c275422e6f3eb6f4747e2b19a5.jpg
2022-10-11 20:30:01,057d98026d70e5d49480c582985b52b360f6a8ec.jpg
2022-10-11 12:00:01,a65390805e3e6c42b0713b91f8e646fcc26c8752.jpg
2022-10-10 17:40:02,5f6eb43878aef56a6b6e41a4d922a5724d198326.jpg
2022-10-10 16:40:01,2d8ec78e3bf33f844f2c910a181c9e3d563a2e90.jpg
2022-10-08 18:30:02,5e6c4eb27bb3f5b47542423298c46b672f516ced.jpg
2022-10-08 08:50:01,11d542122fdfe09f60978c5161db8e152a0d57a5.jpg
2022-10-07 13:00:03,a22c4bc9352a6b0cb5f3e87ed7ea628c3fc0f37a.jpg
2022-10-06 19:00:02,53d2521024beed629bd8895e0a02aa2ae5e68687.jpg
2022-10-05 11:10:01,42cfb6d7aa4bcfc5012b16fb0b4d7414eea8811a.jpg
2022-10-04 14:30:02,b06de4d55060c0f3cbdbe8eb94529cc533c74324.jpg
2022-10-01 20:50:02,7b4eb12567094534b93a848ef1ba584b076e013b.jpg
2022-09-28 18:50:02,159345aead8ae226458614b1338634da140181ae.jpg
2022-09-27 08:10:02,42b3a43712f60d9da0e325d7a33af8b38ae4df66.jpg
2022-09-25 13:40:02,e9dd80d981e3407ddf06a63ffff03ca3f8599584.jpg
2022-09-24 16:40:02,038181c124c14dd58fc4a8a3d351bbd20e37298a.jpg
2022-09-23 17:40:02,58b6c4d55e8e089bac52b14ffed30f23a3d6c1b6.jpg
2022-09-21 14:20:02,1311045efdf5d5a0e2b8f1fedddb5d0114ca7e32.jpg
2022-09-20 13:40:02,86a632729664fd2cb89bdffc4bcc6e2236022260.jpg
2022-09-19 08:40:02,d44e92e29a13c00923207010b0dba03615b5eb81.jpg
2022-09-18 13:50:02,48f4f6ff2ae9287ea5566a118e15876c280d8bf6.jpg
2022-09-16 11:40:02,455c5f50e2255f91455198c0232bcffd4a3b69dc.jpg
2022-09-13 11:00:02,127e8f5ce78a727294c4cda6d9727e4a650db23d.jpg
2022-09-12 11:20:03,68c560f567a33b0341c58916624f98bb508f4545.jpg
2022-09-10 21:40:02,1508d278467d150dfbe9cd6e6984d21dc60149f7.jpg
2022-09-10 08:50:02,178c9d52aedbfd1062ae72b46b0b467beded8b63.jpg
2022-09-09 08:30:02,6ffba758d7f92defd6eb92349e3945ac88a47624.jpg
2022-09-08 10:40:02,4ffea10d10c88bd5f15fadf80700e7d6c9d369e6.jpg
2022-09-07 12:00:03,77a4f98ebf915f0a516a0073a2ef11884fb7c114.jpg
2022-09-06 09:50:03,9d1f394dea84f2af3c9e4f04249b06e4f09e6432.jpg
2022-09-04 12:20:03,1ab4683341938e5a6f558226c68d90b77dc32a25.jpg
2022-09-02 17:50:02,6e51938e4d0c036231940d006c7282f9453bc851.jpg
2022-09-02 15:00:02,3f6a216d348e1762985aceacdb126a1d02fb5ec2.jpg
2022-09-01 10:10:02,fa4b2bee5e1d7a55e5ede514d9dc702b7ee64d6a.jpg
2022-08-31 19:50:02,8c36229835a88655ba13e8274090a25cff707895.jpg
2022-08-30 06:10:02,d545080a967716c91e6b1ef648b68053639a7901.jpg
2022-08-28 21:20:01,f8eef3eb4bbcb5d1e3a4899fe19a7fc61b796c7a.jpg
2022-08-26 10:10:02,4c96755fc66161f79a6e7ec2d069c78d74a4f3b2.jpg
2022-08-24 23:20:03,cb488ea970a5a36d38fd7fa98bad06e9a9664126.jpg
2022-08-23 12:00:01,6cbddf292f130d633461d2406469cf118dcddc0a.jpg
2022-08-22 09:20:02,ae089824144b4e4d57d255e4ad01bb5d288b6a2c.jpg
2022-08-21 15:40:02,9c0dbbf3dfd54687062500378da17ca6828be061.jpg
2022-08-19 12:30:03,75a892ec7e10c0fb4f01adace7705f34b526a6b0.jpg
2022-08-18 11:20:02,f449fdd8e2c747d321f49790a0ef4d0a901599c6.jpg
2022-08-16 20:30:02,751ae3e516af088ab4638be7e5a8623f12af4e36.jpg
2022-08-15 23:40:02,f218bbd11a3748d6e195fbf7a58302bcd15b9f2a.jpg
2022-08-15 13:30:03,cd4a1a913df299159620d1d2ea97bb789d7790fb.jpg
2022-08-13 09:50:02,55f2b8a305caff75132ac277aab1440e99e757d6.jpg
2022-08-11 20:40:02,9a1f33740e11b2ee6e4640ac9fc0038d5564b12b.jpg
2022-08-11 08:50:02,1be77867a1b7fdfe7800ac2c90d30e983cfb20a9.jpg
2022-08-09 11:30:02,fa55fb8163efaee7b930567f8636a73ed05035c5.jpg
2022-08-06 21:10:04,88547a72ac39e9852f63b16f5a156a046d7a24e8.jpg
2022-08-05 19:20:03,d1da7578e9ced9e9118925707517a99ea848d152.jpg
2022-08-04 10:00:02,454ba43843200e2a44ef8da9010f6d115165231b.jpg
2022-08-02 19:20:04,e55d3894f4bc609b15bca056eee91ff6c17229dc.jpg
2022-08-01 09:10:01,a3dd909e3f0d85cdb0b588efffaa95878b9269bf.jpg
2022-08-01 07:20:02,08e722c2c5d10ba7e32175a5e8f010dc2474bac9.jpg
2022-07-30 11:50:02,cf855bfad12d7c7634eaae494a63f2bf0eec766d.jpg
2022-07-29 09:00:02,b424bd8d4abb0579b89fb61c8b0fa88e459a7ef9.jpg
2022-07-28 10:20:01,e40ee71a2cca788539828f0b06556ab46a0a1b67.jpg
2022-07-26 13:30:01,2f1572a71a82e06c436d486e910d83231ec7251c.jpg
2022-07-26 12:40:01,808d30c5b298f73d6c66e13ff58af73129761a58.jpg
2022-07-25 13:00:02,1cc629a397d8b34e3f28de4d1c7e3a035600830a.jpg
2022-07-24 12:10:02,212cb79581d79ff7a0fef52045c855696bb52c7d.jpg
2022-07-23 13:20:02,c3257a21b80f637d8ed010864270bb92074045e3.jpg
2022-07-21 23:10:02,7c11c26520fe2989614d1c98c0c1a6c15f9e2c4a.jpg
2022-07-20 18:10:03,b49dd5720fc15ddf5567e2b6ef18e4761e1211b6.jpg
2022-07-20 11:00:03,d6ff9cd6fc4a63fe6f069455c2735ae77008c251.jpg
2022-07-18 13:20:02,26eceff1f603d1f440e811f128a8cc282fe968f5.jpg
2022-07-17 09:20:02,07191e13afa1b1f9f6c75c7cd735476f318d2f1d.jpg
2022-07-16 20:50:01,6ae87611079fd29491b5968f75cc103a1e2ba168.jpg
2022-07-16 20:40:03,618a54d9c44098839c3a61c7d5387e5bddec7b67.jpg
2022-07-15 21:20:03,63f929d4d85c9e6bebe285d86aa4f6c20a4becfa.jpg
2022-07-13 20:50:03,f985b7112f31dc29e1863a3160a4da2696fd6c62.jpg
2022-07-13 08:30:02,fd55a3e819fdf3eacbd6762e6b0c709ac1c9e767.jpg
2022-07-12 13:30:02,e80c0f72c69cf9e969f040824d2adb02120ae51a.jpg
2022-07-11 12:20:03,5dde1e2335a68ece4dda464b9e51804bd304f235.jpg
2022-07-10 13:10:04,1513c18f87a9c6d709a198c6d3fd7dbc5b540960.jpg
2022-07-09 14:10:02,262b288a7ca969281aaf22e015d75f719e8bcbce.jpg
2022-07-09 07:20:02,d36a6a5eea9d1fa3a1a0ffdbaaca26c77a978171.jpg
2022-07-07 19:00:02,79b032eb3bf94d3b3d8e2f42eece2ec8b5e2668a.jpg
2022-07-06 17:00:02,4f21537a22384260bd9d52168532178679410fe9.jpg
2022-07-06 10:50:02,a37c1c083950ba8babcc97fb2759acd8d9248a65.jpg
2022-07-05 09:40:07,c621a56a7cca14be3c5403ee9fa3a1d5f99f856e.jpg
2022-07-04 14:10:04,c8272e3a8cb92479edc415d4b9777fc07c51d322.jpg
2022-07-03 17:20:02,330f25b680e7bbace15bf8c8152366a5c0af6506.jpg
2022-07-03 14:00:02,939cd575e32c7bfe1732fbdd3b6177f304b6b3bd.jpg
2022-07-01 00:50:02,03d090b1c8dbe4e1fd49424e6b9da41541e7eef2.jpg
2022-06-30 19:20:03,beb7fb0af7d00a5da3fca6e71d575edf2a0cff7a.jpg
2022-06-30 14:10:03,b49dd5720fc15ddf5567e2b6ef18e4761e1211b6.jpg
2022-06-30 08:50:02,a2c605dd2be998340cc437da6ce220ec2e745fe0.jpg
2022-06-29 13:30:01,81929b8ad9be97916416731630d272bad4fa6e47.jpg
2022-06-28 20:00:03,474e13f87d72524e201714c33b1e24010503e48d.jpg
2022-06-27 07:40:02,03d090b1c8dbe4e1fd49424e6b9da41541e7eef2.jpg
2022-06-25 11:50:02,6edfb8a019969b3139009352c4ca658bc2a92bc6.jpg
2022-06-24 09:20:02,31698440e5783e9d20467fbc7ba17a9d95f483eb.jpg
2022-06-22 23:00:02,5ea42a66f4dccdf580e1c689227b601f4ed621a4.jpg
2022-06-22 15:00:02,5c86d354d7932776c676206dce32c50857b26b7d.jpg
2022-06-21 11:50:01,7e966329a90fe3d3d45e4afdb39e51007ba8b77a.jpg
2022-06-20 09:40:02,51275de3114f56aac783af1691f6e3e75fea45da.jpg
2022-06-19 08:30:01,c621a56a7cca14be3c5403ee9fa3a1d5f99f856e.jpg
2022-06-18 19:20:01,f177340f97182926020a2988b7d0ac1ccd2877a2.jpg
2022-06-18 19:10:01,b49dd5720fc15ddf5567e2b6ef18e4761e1211b6.jpg
2022-06-16 09:00:02,238f542af862682a005f0878cb33125dc61d743d.jpg
2022-06-15 14:20:03,80ef5e6a862188273cef7dbb4b68d27bb23456ba.jpg
2022-06-15 14:00:03,9c89e0366531c8aa471599f86360bf399365135c.jpg
2022-06-15 09:40:02,daf09a8c02f9bd65f40b10f0f1b73bd8908c6e34.jpg
2022-06-15 08:30:02,1e91411a43a81653f16440e871464ea7478d12e5.jpg
2022-06-14 14:30:01,212cb79581d79ff7a0fef52045c855696bb52c7d.jpg
2022-06-13 11:20:03,6dc5ca9b66627c8e1ceccd9df43133caca06e3fc.jpg
2022-06-12 15:30:01,d0625f7bc0061177b4b2be7f633e2e546d075913.jpg
2022-06-11 21:20:01,8f40f6864faa58c733b5846096afa9173d679bf1.jpg
2022-06-10 14:50:02,33ec5eb97405b70ec714e9e172ef380782104686.jpg
2022-06-10 12:50:03,2e7a26c9bcfcb97026e76e530b3a5ac7118a4891.jpg
2022-06-09 11:20:03,4a91138acdd9fc7e1853785c3c8afa0dc0dd4078.jpg
2022-06-08 22:05:03,a4c2983a296cd1430fed9d02068c959259a2ef96.jpg
2022-06-07 08:55:03,f8f5d699ef4b52762003d639ec7c6c9a428f3252.jpg
2022-06-07 07:45:02,5a5ad5de9acff5b7a7fac9d43025f7e8604821c8.jpg
2022-06-02 19:25:02,07fdfec842459f42a33bc87a1c601a10e3cdafad.jpg
2022-06-01 14:40:02,85f9ae302fd5e447ad0e32c10b9435e363bd3a89.jpg
2022-05-31 15:30:02,b586d90ad0d834c7ff0ffc4ee9452523668f75d8.jpg
2022-05-30 13:20:02,9e71b9e7a368d0fd77ab5c053d05ed41385b87fa.jpg
2022-05-29 08:30:02,f141ea8293346d2c31bad95b67ab9cfa6e9378ff.jpg
2022-05-28 12:00:03,b04c2bc49abc0f138f20781c74a23868f19e65b6.jpg
2022-05-27 10:50:04,dd1e705666a2bf7236d0c28f16c05b55abc8d4f7.jpg
2022-05-26 19:35:02,7a4cee171e0c122334ab943c6c0d0f4a1502be64.jpg
2022-05-25 23:55:03,e42986aad5a93cc3ec39ba22993dabc680a6dfeb.jpg
2022-05-25 10:25:02,86c019f5fe1d08683bbe916db3c1f2749af4e15d.jpg
2022-05-24 16:15:02,a1f795c6e11fd562b6d9fbdd2c9da92b1a708a0e.jpg
2022-05-24 12:50:02,78726439035c4182e1ad84dc3b1ee54b6a90ed66.jpg
2022-05-23 18:10:03,cebb097781ebc0406f80f4c129942a666b68caf9.jpg
2022-05-23 09:05:03,5845a0570cfb6147ec4f1df8af793d56934233ad.jpg
2022-05-21 18:20:03,3cf66b76edcc2054438c28ebe5c3093022304052.jpg
2022-05-21 18:00:02,840458fccc0c4471e1312f398699bcda73b7d725.jpg
2022-05-21 17:50:02,0e6d1b53bb73051a620159cf122431bcb16f8175.jpg
2022-05-20 10:35:03,ffd23debdc4a95303f9818b8a6a689d20482fc88.jpg
2022-05-19 09:25:05,2026c2cb414b6c39c8cba1ecca35ea15ef3aa0e1.jpg
2022-05-18 15:50:02,ae3a0842a526bfafa594236d9d18c95ea2589feb.jpg
2022-05-18 11:55:03,91ad6d87b2044f69c8fd666046f0a0a922f2cbd1.jpg
2022-05-18 10:30:02,650f77ba4b3867a015109fa7a2ad5c385f48268c.jpg
2022-05-17 13:55:03,7761abc60d4fa5a2c15548d2738d1d057c84aeca.jpg
2022-05-17 10:40:02,e6ce58f7f1c09e2d7fc58ef7db91df847b03ea14.jpg
2022-05-16 14:40:02,3d2ead082b13fc5bb399c2ee43c6a9bb296c9bc8.jpg
2022-05-16 08:55:02,a26961c2d2d58e5e1c55059a5c6a448348ddc37c.jpg
2022-05-15 10:05:02,bd9218824c207b8fc11a18ffb3116d6bc25f16d9.jpg
2022-05-15 09:25:02,e04b245f02bc25891be79a2ae52c1948eec50b66.jpg
2022-05-14 15:00:02,854da774caaeac7e75e1eaca637c24ae9137df0d.jpg
2022-05-13 20:35:02,ae3a0842a526bfafa594236d9d18c95ea2589feb.jpg
2022-05-13 08:45:02,a6aa9cc1f0081ca937f55f4402841489486093b2.jpg
2022-05-12 23:10:02,85696798518e69464928340c0d0c917761382d5b.jpg
2022-05-11 13:55:03,a2f6fa40bf39bb335202e204bacfee3583a8c543.jpg
2022-05-11 12:50:03,a40059f95a65ce28fbdb5d7294b9806dbac2d56b.jpg
2022-05-10 23:00:02,499e6634336a5de6eee07ddf1f045350da43bf53.jpg
2022-05-10 09:50:04,6445bc80b2b6782354ab2434da7fe166d9df4981.jpg
2022-05-08 19:05:02,a7ce9f1092f385cbab39cd9e29d63a054390b308.jpg
2022-05-08 14:40:02,31b4a6c6aa2bc26199857b1e9864f6bf803fd0f6.jpg
2022-05-07 20:45:03,e5cbb86f11ff3222e919be1486e3603d8437b8e8.jpg
2022-05-06 20:20:03,de4254f2ad202dfd2fee1631fd9fd7d98104f332.jpg
2022-05-06 17:00:02,0e75cef9f83c71cb9b1812910a2dfcebf38a21f1.jpg
2022-05-06 00:05:02,957dc1f712e9651b92c2c9f10215994b21db8963.jpg
2022-05-04 20:55:05,c3f48dc53c7b8627995f8f5fb1dbb331217102f9.jpg
2022-05-03 22:05:01,a9fc7160e24cbea63c59af961ae492bd0d40c0a1.jpg
2022-05-02 19:40:02,31b4a6c6aa2bc26199857b1e9864f6bf803fd0f6.jpg
2022-05-02 11:25:37,725eca9a0e50721597f9d868bdd7431da4b55a5b.jpg
2022-04-30 16:15:02,2c9e7573ebc6b40f4b15595e2929f5ba11364b8a.jpg
2022-04-29 10:15:02,8ba21fd907a294ae1f0d3fde4ca4f5adfbd16b62.jpg
2022-04-28 09:15:02,db39fa726e9ade540cc61c837c069b977062e596.jpg
2022-04-27 12:10:03,a68fbfab18d4a58bc5a4e510403d4246db240c76.jpg
2022-04-25 21:30:02,8cd946fdf8f0668d6f4861bb3147895cd5535d71.jpg
2022-04-25 11:40:03,91f58de5106037ae45fa32de42bd5d828d86ceb6.jpg
2022-04-24 12:35:03,f0e69205a9b714d820f6d28cc950b1d7b9e77a0a.jpg
2022-04-23 17:40:02,c3f614d8b0cc4b9c0defda7a5d41ff5fea65fa41.jpg
2022-04-23 17:00:02,8cd946fdf8f0668d6f4861bb3147895cd5535d71.jpg
2022-04-22 12:40:02,bd93c4c5acbee75377056618a9476e56e7a7a641.jpg
2022-04-21 17:25:02,f028d406d9e47eed3de69dfe43fbbdb141aabc09.jpg
2022-04-20 22:00:02,a8b88f75c8cd516e6b2ea6a480167b11be325f79.jpg
2022-04-20 10:57:13,57e1717e44e8e4d5f165472f07498ced4c400847.jpg
2022-04-19 11:32:13,3b1cfdec3e4fe77e52ee59b268ec2e00fc38c4f0.jpg
2022-04-18 14:36:35,95b8fe49ac8a27359e92ac4e450145d4f2e2feb4.jpg
2022-04-18 14:31:36,95b8fe49ac8a27359e92ac4e450145d4f2e2feb4.jpg
2022-04-17 20:25:02,07fdfec842459f42a33bc87a1c601a10e3cdafad.jpg
2022-04-16 21:10:02,f141ea8293346d2c31bad95b67ab9cfa6e9378ff.jpg
2022-04-16 10:09:24,7cd61ce2bf80b30fe319df0ee29116bfc17525c4.jpg
2022-04-15 14:15:03,bd93c4c5acbee75377056618a9476e56e7a7a641.jpg
2022-04-14 12:45:04,b96940064dc84272fdbc042dd916e93da10b574a.jpg
2022-04-12 21:00:03,4e9f51a92a5020a0860506b078621515964cfa6e.jpg
2022-04-12 16:40:04,4a2be7a74bce131d478c5a7da853fcb529d02d52.jpg
2022-04-11 18:40:02,4f81d42f0c7703d59e4cf1219919450d295a3370.jpg
2022-04-10 12:10:03,1bf56775e8906127d7056183479a50dd78d915f5.jpg
2022-04-09 19:55:01,405ffb37df4181ae9aa6b3c9eeefea49c20377db.jpg
2022-04-09 19:45:01,a96285290df0cd3498d632339603a77538c666f5.jpg
2022-04-07 09:40:05,3e78a9978fda27e4ba5cd26a6f52bf48491e16df.jpg
2022-04-06 13:50:11,a15bfd8fb5e93e315608000e480dc6f9a28bbe0c.jpg
2022-04-05 19:20:01,e42986aad5a93cc3ec39ba22993dabc680a6dfeb.jpg
2022-04-04 17:20:03,12fe5e7bc37cd5e1c0738d78d2de639483fac74e.jpg
2022-04-03 19:25:02,efde70c452c48872e86ccc6dbcc2600c66a4b6d1.jpg
2022-04-02 15:05:02,5a5ad5de9acff5b7a7fac9d43025f7e8604821c8.jpg
2022-04-02 10:30:03,0b4d4ef2b48ee66527e6bffa824da6c890152e48.jpg
2022-03-31 20:25:03,55f40ae3d596a15a53214b41a22984b00f25670e.jpg
2022-03-30 22:40:08,8cfb7712bbf0ee383dc6c6680dc9b917b0221248.jpg
2022-03-30 09:10:03,832b6d3f3d21df03f1b93fd2946b5aaace7ccceb.jpg
2022-03-29 14:10:02,7074388399a7e04931b3dde7817f871786ecfcd2.jpg
2022-03-28 09:35:04,b5f0cf51d82f82f6e16c6bbb8c71fbf10e38307f.jpg
2022-03-27 14:25:02,ab07574152521606e033c7d0004bb2dad753e885.jpg
2022-03-27 08:55:02,d4f5c9f40c7113a431ee9bc9c777437bd67d607e.jpg
2022-03-26 12:50:03,91f1eafd4c7e135ad76f4dd26701fc90fbf91f3f.jpg
2022-03-25 23:55:04,675fc4e7702fbee988ce52f77a123533ee35c7f1.jpg
2022-03-25 17:40:03,67ec13cbe148ef984045a511e835e93631063146.jpg
2022-03-25 11:20:04,e0313baeee7a3a2fbcf321ccf92c70ccfefa2fe1.jpg
2022-03-25 08:45:02,a2c45738ea7b77ca50e6426879e08941403b9365.jpg
2022-03-23 16:45:02,afa0e93fc062600235b72f4649531f021eadbd02.jpg
2022-03-23 12:40:02,444dd83456d42f719849c2af48898adec23cf44f.jpg
2022-03-23 10:35:04,c31bd69c5a34242cb28c7cb2a6b8692fd1e467b5.jpg
2022-03-22 18:00:02,5833488adcf36f5b710745916e51b525d8033521.jpg
2022-03-21 12:15:02,e5cc9cf5947eb511f3c5ad908f6df9c7749defd9.jpg
2022-03-20 18:00:02,3252def835c5a2139cd302cabb5d93774d07b07c.jpg
2022-03-20 17:30:02,4cfecb2dec250fa115ccec856213f5c7559fd539.jpg
2022-03-19 09:50:03,8efd84764f08eeb22863c37c852ae95f05826a57.jpg
2022-03-18 09:55:02,d5f596c2c09991283bb5e55590b230402f583433.jpg
2022-03-17 20:05:03,91f1eafd4c7e135ad76f4dd26701fc90fbf91f3f.jpg
2022-03-16 22:15:01,0f8e8c23203f7a488bef81d6c8725571d8ddd60a.jpg
2022-03-16 19:35:02,b6328019fe70e8a97cd402190e4fdac066dd7f49.jpg
2022-03-15 23:10:02,f4b0dd84be3138fb5a9fc07fa0c4e762e0a204b9.jpg
2022-03-15 09:15:11,829fbd03488098eae0a51bcf9df1dacfedbe4be0.jpg
2022-03-14 18:40:02,43203cd0a2bded87daa424758e32f509ec47725f.jpg
2022-03-13 15:55:04,b317217921fa73ed921a1343379124081b9e32f0.jpg
2022-03-12 22:25:02,5a193c76753b48a2b652b2d912fd7fcfaf8386a7.jpg
2022-03-12 20:35:04,ba4ecc96d6bc1a2ec8c0d20ca2dcf68fcf03c752.jpg
2022-03-12 13:20:03,9b094e18c26dd2a8a0b6ac2ec253e0e554169bb7.jpg
2022-03-11 15:35:02,9c455ceef5340b279c665aaea00d603fcebfc748.jpg
2022-03-10 16:30:02,029c9b0aea0722529e55a99eac627d3295c237dd.jpg
2022-03-09 12:10:03,4fc67099908d669a2f68e1defe777a0f9fe82129.jpg
2022-03-08 22:00:05,9f20bee791c02ca1fbb347098c3f4b4ba64cbdec.jpg
2022-03-08 14:30:02,61d252687b743b0e52572ba5a8b16f59c24cb3a6.jpg
2022-03-08 08:30:02,00c240517891559acaad563521ffe392aeacf159.jpg
2022-03-07 20:45:02,10af22d37420c8c21b57688bf108a9b9992ff688.jpg
2022-03-07 11:55:02,7733343fca3edf74eb67b8bcf9fec1fd813baced.jpg
2022-03-02 20:55:02,3a16cdd9fe806196d0dad5e2a9a22d0319a62bf6.jpg
2022-03-02 06:55:03,a6aa9cc1f0081ca937f55f4402841489486093b2.jpg
2022-03-01 13:30:03,a34a15af17b28bcdec7225379c95fa5317242203.jpg
2022-02-26 20:15:02,f6398e1ca8b639c87edb93fffec725d07154a126.jpg
2022-02-26 09:05:01,8c2d90977951a8675632f376048c6546f716d537.jpg
2022-02-25 14:25:02,de4254f2ad202dfd2fee1631fd9fd7d98104f332.jpg
2022-02-25 12:00:02,228dd1448ecf96fbffc56550a16792a51c956408.jpg
2022-02-24 20:40:01,140d01c48fc22dfdd86699d32a7707735d33610c.jpg
2022-02-24 08:15:02,c6a40039c25f319f6c3eb0f521efe43392d3f213.jpg
2022-02-23 09:10:03,afa0e93fc062600235b72f4649531f021eadbd02.jpg
2022-02-21 21:45:03,a03ca989fdefbadf5c2c8bbdfbc74db9ca70020c.jpg
2022-02-18 19:40:01,029c9b0aea0722529e55a99eac627d3295c237dd.jpg
2022-02-18 15:05:02,8cfb7712bbf0ee383dc6c6680dc9b917b0221248.jpg
2022-02-18 13:00:02,13c7c131e98375f84f3cabe4c5c01b3eb6e14131.jpg
2022-02-17 22:30:02,9a13b9b8f946f4583cfca3a904b237716fe8df5a.jpg
2022-02-16 20:20:01,7232f1379c9f61a2e7f18cb533224a093abf2d69.jpg
2022-02-16 19:20:02,830bb008e63d5c4c6d876dce0e8087f83f64d004.jpg
2022-02-16 11:10:01,8da93c19f332c971d4e05b46d769f072874bc055.jpg
2022-02-14 12:40:01,daaf4c61986ab42f918d1f66c1ee2ad80f538041.jpg
2022-02-13 19:35:02,df8846337b6228c803215b8124b1d0aea8c6c672.jpg
2022-02-12 20:15:01,800eedf4d3d007e87468d65ee4cdd908354df2e1.jpg
2022-02-12 17:25:02,0f8e8c23203f7a488bef81d6c8725571d8ddd60a.jpg
2022-02-12 07:10:01,9197cba71a1c2d6cf9a160e6d2769572383f8b86.jpg
2022-02-11 21:35:03,800eedf4d3d007e87468d65ee4cdd908354df2e1.jpg
2022-02-11 10:55:03,d2c5b360512ed518932f689287fc812b5a9da15d.jpg
2022-02-10 17:25:02,a34a15af17b28bcdec7225379c95fa5317242203.jpg
2022-02-09 08:55:02,daaf4c61986ab42f918d1f66c1ee2ad80f538041.jpg
2022-02-08 20:35:03,1848865d5b62e1a4766fe5e87f56453c6a15b9ad.jpg
2022-02-08 10:20:01,fdd045d5f2404a6d0ed73484075a3f2560f1754c.jpg
2022-02-07 07:45:02,9825811b9de09d6a868e1d1ec71b20dcc41486d9.jpg
2022-02-07 00:40:01,af4a9e770d9f666694099ff6b5430d8a70cee7ad.jpg
2022-02-06 10:50:01,d599d2018173df3e6cee5c8f2113d3fe3edce72c.jpg
2022-02-02 22:50:01,16373278822e9859597bc6cdb770ac5e5c6ab664.jpg
2022-02-02 18:00:02,55b351ad1b17b643031820bcf63fc1e77b77e8fb.jpg
2022-02-01 17:50:01,96e0ee233055f0f648bf8b452ff6dfb452404454.jpg
2022-01-30 15:50:01,649d44b8167ab36a3226121be80b157d51588f55.jpg
2022-01-30 11:30:02,f084ea29ba138056490d72f3b10f89564a4357fc.jpg
2022-01-28 16:40:02,92759758ddaac0e261f9975f1fc67659997e6c8e.jpg
2022-01-27 09:40:02,d258a22642fb423b08f65a1ddb11f52045a332ca.jpg
2022-01-24 23:10:01,6ad48159359c4ee4833bd86d439bc6d2e3804849.jpg
2022-01-24 16:05:02,97f71e004e29f96dce731225d3b5c4f3aa67140a.jpg
2022-01-23 17:55:29,3491ea9921be233609b90fbda7663d59e208a2d6.jpg
2022-01-22 21:25:02,86c21ccd5f7b16018344fdd34091c2a7fcee8b56.jpg
2022-01-22 16:55:02,14891bb6e4b1c65c31b9e4c3ce44dec152abe3a2.jpg
2022-01-22 07:45:02,748c2057591613652c91f5bf01cd427e9260f62b.jpg
2022-01-21 20:35:02,3406e2fa77c0da2d73dfc9f99620391cb4bea776.jpg
2022-01-21 11:45:02,5529a05d08f2e16eee3233549a16cb853b809cf9.jpg
2022-01-20 22:00:02,ac27791485ccbd7aa9525b6becb063db7c0f59b3.jpg
2022-01-19 10:15:02,f99751e97c9f6c6619d4284b0e1e1d199bd7be0a.jpg
2022-01-18 20:30:01,0a95976d29eed8689ad93b52fdbf364d5830ebbf.jpg
2022-01-18 18:55:01,618f2da5fa32ee529efd210667260bbf131356fb.jpg
2022-01-17 21:40:03,e925042c017e8bb0b3adc759fbdce442b96ff9e4.jpg
2022-01-17 17:25:02,b7b626124d9efa7394b75ef3e8bf4fd7b183e468.jpg
2022-01-16 17:45:02,e11c4204bd1b5561eaa1bac185bb4c7a90f1669c.jpg
2022-01-15 14:40:02,63466ade3ba37cf7926c2fdf25e3701218924b64.jpg
2022-01-15 07:25:01,7a3168f2b8651f4880ee778c541bc0ec931618a7.jpg
2022-01-14 14:55:01,e9d023c72bc52ccc20091aaba4ebb2a996706833.jpg
2022-01-13 16:35:02,6183548a51b75d4bde9c4de3196ce02b6d8fdd22.jpg
2022-01-13 08:25:01,cb024a203b2bb76f50990d10778a8ca2682e74e5.jpg
2022-01-12 11:30:01,317dd0f5b19d94f0d8524da531ba9bc638ab63e3.jpg
2022-01-12 00:30:01,f084ea29ba138056490d72f3b10f89564a4357fc.jpg
2022-01-11 12:55:02,2dee9cdb898ff0c25abea3033a2d43635507eb29.jpg
2022-01-09 17:30:03,295cd80b58747a491c66afef4bd6b0c42e2842d7.jpg
2022-01-08 21:15:01,2f4cd5fed7fe1c03ceb73de77f9c8b4409192534.jpg
2022-01-07 16:50:02,d7445e2c3a73d7373e6ee03352d91142a2537eba.jpg
2022-01-07 14:15:01,84e69b353c04cacd5859096894ed8b8c4a70776f.jpg
2022-01-06 20:35:01,4b98f8307608ee2a2d1f94462ab8178196ce7d61.jpg
2022-01-05 19:30:01,0d7e7ff34a56a793c7e4572dbda775b981080ad4.jpg
2022-01-05 16:00:02,0538ac6d69eff97cb61d28cba6f2558bafa5350c.jpg
2022-01-05 07:10:02,097169ec2d225b733f5372d45d4df1619f8ed08c.jpg
2022-01-03 19:40:02,77c4379d922bed599ff7b59ad0d2ec8aba9f7c69.jpg
2022-01-03 11:50:02,8de0cee2a7bf3b9306b807c7ddcc5ae6643e0015.jpg
2022-01-02 20:20:01,57fe22cfbb98544454c683fcc9c77d35367e5133.jpg
2021-12-31 10:05:02,66885b6a8b28506c83e322f896594b7c466dc9e1.jpg
2021-12-30 11:05:01,de667e0882425396cd11fabea75c229b58014d4d.jpg
2021-12-27 23:45:01,9197cba71a1c2d6cf9a160e6d2769572383f8b86.jpg
2021-12-27 16:30:02,e4d51bc0bcf870de131f4e8df95334dab77ecee2.jpg
2021-12-25 11:55:02,80a30309b90672cf83e20b3f210a6c128e92ae96.jpg
2021-12-24 09:35:01,b7b626124d9efa7394b75ef3e8bf4fd7b183e468.jpg
2021-12-22 13:00:02,77f27f85a7eafb4c5198f85d77878eb2e16e1dac.jpg
2021-12-20 10:40:02,283d0f52c454ba63002a5e1b6058dfdce127658e.jpg
2021-12-19 20:40:02,57fe22cfbb98544454c683fcc9c77d35367e5133.jpg
2021-12-18 22:20:01,9a13b9b8f946f4583cfca3a904b237716fe8df5a.jpg
2021-12-18 10:30:01,99988856f14033608dc497bf185dd2504c8371a6.jpg
2021-12-16 15:40:02,246e63c5465c71502d913e0f387d394107f92ada.jpg
2021-12-16 11:30:01,91d0a3eef4f28528401a1238e0fecfc5eeaf8bde.jpg
2021-12-15 23:45:01,91c2f0d9de461a096ad5ea918a0ee20bec14cefd.jpg
2021-12-15 20:35:01,0d37c16f441d9274480ec6de95c80db501f11ccf.jpg
2021-12-15 00:05:01,2e7a26c9bcfcb97026e76e530b3a5ac7118a4891.jpg
2021-12-14 08:35:01,adc92ce3afb4ece3dfc3e0cff7dff8691c249e77.jpg
2021-12-13 15:40:01,63c32098149027a77a670262548d61e3899d245b.jpg
2021-12-13 09:40:02,ab07574152521606e033c7d0004bb2dad753e885.jpg
2021-12-12 08:15:01,5e79cbbf9612dcbaf417bca98dbdcaef24105483.jpg
2021-12-11 14:10:01,8539f2299c889c29a65593ee768492dd82cbfdd9.jpg
2021-12-10 22:55:01,4b98f8307608ee2a2d1f94462ab8178196ce7d61.jpg
2021-12-10 14:45:02,32d4421fdfa16cabc8ce977a9c9b539888b93bc2.jpg
2021-12-09 21:45:02,83003454f03db0fe2ee87dcdafe86b40d58da6d8.jpg
2021-12-08 23:20:02,27ecbc4f493072c6e802bb2d235323ff7ad32b2e.jpg
2021-12-07 22:05:02,31de94e05148ae0e4d291afac70d7841c0ee2cc5.jpg
2021-12-07 13:30:02,436e3feec99e0d45545314de4b0550ee4f34ddaf.jpg
2021-12-06 09:40:01,9197cba71a1c2d6cf9a160e6d2769572383f8b86.jpg
2021-12-05 20:30:02,3726704f55e0038e92056bba0a493a3a9353d898.jpg
2021-12-05 10:35:02,59acef3d9c65b1e41408a2fdbcd5d397288cb719.jpg
2021-12-04 18:00:02,81802360949b7144a703f3cafd82ccea2ccd46c5.jpg
2021-12-04 13:50:02,9141e28b10e095cd6ce4377657bff710f0da70c5.jpg
2021-12-03 20:15:01,bc818995026265f46c89f65bc0881f7aa759d625.jpg
2021-12-03 19:05:01,71f2db8829e8ed79f0c5440c4c293b957df2b5e2.jpg
2021-12-03 12:15:02,4b98f8307608ee2a2d1f94462ab8178196ce7d61.jpg
2021-12-02 18:45:02,436e3feec99e0d45545314de4b0550ee4f34ddaf.jpg
2021-12-02 09:05:01,aaa2dcd3af83160a843d241d453cf378a60ae820.jpg
2021-12-01 19:10:01,95d1c9856c065217e48246df3bf1d99042b2a91d.jpg
2021-12-01 18:10:02,5347ff9896c1a6025dedf240155f58b5102f9aec.jpg
2021-12-01 13:25:01,d36732149b46368f5e9cc2a855d571a7d6b70bce.jpg
2021-11-30 10:35:02,5905cea65b680f551f6eb7a26b28ec6f182a94ac.jpg
2021-11-29 20:55:02,ffd492f3336ab59a442cae18c722e244f13cb3ed.jpg
2021-11-28 11:10:01,1cd2de95afd4138f2df6d8bfb4e84faab25112ed.jpg
2021-11-27 11:00:02,efcaa134f99957fe2c0a041ad65b450eb2a5e6be.jpg
2021-11-25 22:35:02,33af4d896545e49005a3a743a5dfc5213c62f047.jpg
2021-11-25 13:10:02,beb83fec2feaca77a3e54f2eb61431e1f1dad372.jpg
2021-11-23 20:05:01,949d3764064d76b19e3a68cfda51d63bf73e3b5f.jpg
2021-11-23 12:25:01,9fbd954ddcca83ca2dd4603fd013a200fdad6cf0.jpg
2021-11-23 12:00:02,f90a8d5d0670353a0393ae4f9dff03b6807dcd8a.jpg
2021-11-23 09:15:01,152a3571b42a06c33e0967c6dc20837f42dae220.jpg
2021-11-22 22:40:03,95908db494bbb56dd58aaa4db324ea3980a5e3f6.jpg
2021-11-22 19:50:03,ed09bf5c56a42cc7ab0cea300ff418423f2b1ed8.jpg
2021-11-22 11:55:03,22ccb265b7feb0977752ed671c3f65f2692f9ba9.jpg
2021-11-21 23:50:01,afc5c5ab295e7abc4a4dd2affb208e843f5c7ee0.jpg
2021-11-21 15:40:01,a52a1e227a4ef68cdccb357cb2716ab67d76051f.jpg
2021-11-20 21:00:02,8b18889cbd9ff1904aaa648addd5b707dbb58530.jpg
2021-11-20 11:40:01,41c7cc4fa87b5efadc2b7d840a9142f582027d03.jpg
2021-11-19 20:55:02,86c21ccd5f7b16018344fdd34091c2a7fcee8b56.jpg
2021-11-19 13:15:01,2a18484be4181be460608b3d0beea2d2148089da.jpg
2021-11-18 22:40:03,9a3d12e9da46e231c789cfbc225a168fbf126f8b.jpg
2021-11-18 08:00:02,4668bb5001515c7b647cfae6dec8af7188b6a3fa.jpg
2021-11-17 22:10:02,54f1c6b6b3ff645cf1d45aa6cf3aaf31e1996eef.jpg
2021-11-16 23:05:02,2dee9cdb898ff0c25abea3033a2d43635507eb29.jpg
2021-11-15 11:20:02,4f21537a22384260bd9d52168532178679410fe9.jpg
2021-11-15 11:10:02,d2eb3296d340c4f8ab647f0aab096286a2d465fd.jpg
2021-11-14 11:55:01,a8467fa5b392014951fa63cae5f95dcd053b4353.jpg
2021-11-13 22:45:02,db5c5c2e3d218290d37a266e711e1094730e424a.jpg
2021-11-13 07:40:02,cc49f85434a51ab6952b88dfb01269edbedf4cfd.jpg
2021-11-11 14:30:03,a495492476c354218ef6e7ca538ba31953c832d1.jpg
2021-11-10 13:10:02,30f26268bb8a6868ee8d4b8881218f3f0b0f67df.jpg
2021-11-10 08:00:02,e1cb12b5d24ee409f3a053691b74896e4bef57f8.jpg
2021-11-08 21:25:02,bbd1c1e0bf54a6dc66276357c782a26958d21673.jpg
2021-11-07 15:15:02,2280b0f6b1e758ee9bba71c775c867d881a43296.jpg
2021-11-06 15:45:02,db5c5c2e3d218290d37a266e711e1094730e424a.jpg
2021-11-05 13:05:02,6e2a4f8047e0e6491b8f15239129c50b3aa39244.jpg
2021-11-05 07:35:01,0dc09a52a4c694cc2f2821df1b66c0c29a3b6238.jpg
2021-11-04 15:40:01,efc6c654492d998cee58486b8eb8503e7507cc51.jpg
2021-11-02 10:00:02,beaca1ca02e5366b93689ed004287810d37a9bd4.jpg
2021-11-01 12:10:01,84e69b353c04cacd5859096894ed8b8c4a70776f.jpg
2021-10-31 10:50:01,a1ec56c0d7b5bedd32c628473ca33845032687c0.jpg
2021-10-30 15:05:02,31698440e5783e9d20467fbc7ba17a9d95f483eb.jpg
2021-10-30 11:20:02,d5f596c2c09991283bb5e55590b230402f583433.jpg
2021-10-28 14:30:02,1cd2de95afd4138f2df6d8bfb4e84faab25112ed.jpg
2021-10-26 22:05:02,7fd1e2a7ea41e41d1eb326d9ca4e0776dbbb2a77.jpg
2021-10-25 09:45:02,72fbaf1ea06dcbaa905b80012c2b9ff3148d4d94.jpg
2021-10-24 10:45:01,1d4e5906d90e5dcb7f4b0ee146bc9c38dd3cc518.jpg
2021-10-22 15:20:02,7a871b0e13bd7aec5377b352eb050bc95ebb7862.jpg
2021-10-21 16:30:02,4f964272b6c7d0a694ba10a80f7fe22931176a19.jpg
2021-10-21 08:20:02,96636676b7b13cbf64b55d07641d652a6c6ba4c4.jpg
2021-10-20 10:25:01,c5d17a4d51f069a9b8af04c8ce8cc07312fa51cd.jpg
2021-10-19 19:40:01,f4f1c42d06c7fc7df214649ce45e50eb33104924.jpg
2021-10-19 17:55:02,405ffb37df4181ae9aa6b3c9eeefea49c20377db.jpg
2021-10-19 10:15:03,3f01f7f4cc7aa842f47c1ad358348db7a710aff8.jpg
2021-10-17 18:45:01,0b7ff39985427dab712148b6359af4cc12185eb8.jpg
2021-10-17 07:55:01,faef8b0fc3131de96cf4d3b454dbbf6b16d75a65.jpg
2021-10-15 07:55:02,70a2ec39bca259c736a57170449d3f754fdf0b55.jpg
2021-10-14 10:10:02,96f13d48d8240944a31f1d46405ac27c4ab04907.jpg
2021-10-13 23:25:02,beaca1ca02e5366b93689ed004287810d37a9bd4.jpg
2021-10-13 21:00:02,17a6f34aca14efb01c647b3755c3aafff9e9ddd3.jpg
